,,,,,,,,,,,,,,,,,,,,,,,,,,,,,,,,,,,,,,,,,,,,,,,,,,,,,,,,,,,,,,,,,,,,,,,,,,,,,,,,,,,,,,,,,,,,,,,,,,,,,
,TOTAL Waste,Total Sold,Percentage Wasted,,Bender,,,Front St,,,King St,,,Bakerview,,,Blvd Park,,,Railroad,,,Ferndale,,,Birch Bay,,,Meridian,,,Lakeway,,,Barkley,,,College Way,,,George Hopper,,,Bellevue Square,,,Lincoln Square,,,Hotel 116,,,Bothell,,,Edmonds,,,Evergreen Way,,,Port of Everett,,,Evergreen Plaza,,,Lynden Commons,,,Meridian South,,,,,,,,,,,,,,,,,,,,,,,,,,,,,,
,,,,,Total Waste,Total Sold,Percentage Wasted,Total Waste,Total Sold,Percentage Wasted,Total Waste,Total Sold,Percentage Wasted,Total Waste,Total Sold,Percentage Wasted,Total Waste,Total Sold,Percentage Wasted,Total Waste,Total Sold,Percentage Wasted,Total Waste,Total Sold,Percentage Wasted,Total Waste,Total Sold,Percentage Wasted,Total Waste,Total Sold,Percentage Wasted,Total Waste,Total Sold,Percentage Wasted,Total Waste,Total Sold,Percentage Wasted,Total Waste,Total Sold,Percentage Wasted,Total Waste,Total Sold,Percentage Wasted,Total Waste,Total Sold,Percentage Wasted,Total Waste,Total Sold,Percentage Wasted,Total Waste,Total Sold,Percentage Wasted,Total Waste,Total Sold,Percentage Wasted,Total Waste,Total Sold,Percentage Wasted,Total Waste,Total Sold,Percentage Wasted,Total Waste,Total Sold,Percentage Wasted,Total Waste,Total Sold,Percentage Wasted,Total Waste,Total Sold,Percentage Wasted,Total Waste,Total Sold,Percentage Wasted,expired,,sold,expired,,sold,expired,,sold,expired,,sold,expired,,sold,expired,,sold,expired,,sold,expired,,sold,expired,,sold,
1 Day expiration,,,,,,,,,,,,,,,,,,,,,,,,,,,,,,,,,,,,,,,,,,,,,,,,,,,,,,,,,,,,,,,,,,,,,,,,,,,,,,,,,,,,,,,,,,,,,,,,,,,,,
Almond Croissant (Bear Claw),542,5253,9.35%,,22,277,7.36%,58,254,18.59%,18,92,16.36%,29,198,12.78%,19,176,9.74%,15,125,10.71%,31,328,8.64%,17,347,4.67%,23,183,11.17%,6,338,1.74%,4,263,1.50%,15,285,5.00%,10,158,5.95%,20,134,12.99%,19,89,17.59%,43,533,7.47%,54,273,16.51%,28,340,7.61%,20,113,15.04%,13,281,4.42%,10,111,8.26%,38,156,19.59%,30,199,13.10%,,,,,,,,,,,,,,,,,,,,,,,,,,,,
GF Scone (Lemon blueberry/Pumpkin),428,4918,8.01%,,35,213,14.11%,23,222,9.39%,13,96,11.93%,13,194,6.28%,10,192,4.95%,11,131,7.75%,20,275,6.78%,4,298,1.32%,16,175,8.38%,40,336,10.64%,9,234,3.70%,17,255,6.25%,17,165,9.34%,14,113,11.02%,11,95,10.38%,22,552,3.83%,35,321,9.83%,21,310,6.34%,30,73,29.13%,7,269,2.54%,7,83,7.78%,31,121,20.39%,22,195,10.14%,,,,,,,,,,,,,,,,,,,,,,,,,,,,
Ham and Swiss Croissant,572,3701,13.39%,,27,136,16.56%,24,128,15.79%,11,101,9.82%,13,130,9.09%,19,107,15.08%,7,40,14.89%,16,177,8.29%,31,210,12.86%,29,112,20.57%,25,344,6.78%,34,153,18.18%,36,197,15.45%,22,80,21.57%,23,106,17.83%,12,124,8.82%,36,425,7.81%,52,233,18.25%,26,283,8.41%,27,106,20.30%,32,204,13.56%,11,53,17.19%,30,91,24.79%,29,161,15.26%,,,,,,,,,,,,,,,,,,,,,,,,,,,,
Traditional Croissant,505,2333,17.79%,,28,66,29.79%,19,78,19.59%,5,12,29.41%,10,79,11.24%,20,72,21.74%,11,61,15.28%,21,53,28.38%,20,160,11.11%,20,71,21.98%,23,119,16.20%,11,95,10.38%,19,61,23.75%,23,50,31.51%,25,90,21.74%,3,132,2.22%,52,408,11.30%,48,158,23.30%,22,150,12.79%,22,73,23.16%,25,126,16.56%,29,45,39.19%,27,47,36.49%,22,127,14.77%,,,,,,,,,,,,,,,,,,,,,,,,,,,,
White Chocolate Raspberry Scone,393,4309,8.36%,,32,259,11.00%,19,267,6.64%,12,102,10.53%,16,183,8.04%,11,145,7.05%,1,67,1.47%,23,292,7.30%,13,314,3.98%,19,180,9.55%,22,283,7.21%,7,235,2.89%,16,229,6.53%,31,157,16.49%,24,116,17.14%,7,91,7.14%,26,317,7.58%,14,222,5.93%,24,192,11.11%,11,70,13.58%,10,174,5.43%,15,60,20.00%,26,221,10.53%,14,133,9.52%,,,,,,,,,,,,,,,,,,,,,,,,,,,,
2 Day expiration,,,,,,,,,,,,,,,,,,,,,,,,,,,,,,,,,,,,,,,,,,,,,,,,,,,,,,,,,,,,,,,,,,,,,,,,,,,,,,,,,,,,,,,,,,,,,,,,,,,,,
Acai Bowl,4,79,4.82%,,0,3,0.00%,0,3,0.00%,0,8,0.00%,0,2,0.00%,0,1,0.00%,0,0,#DIV/0!,0,5,0.00%,0,3,0.00%,0,1,0.00%,0,5,0.00%,3,9,25.00%,0,2,0.00%,0,2,0.00%,0,2,0.00%,1,0,100.00%,0,5,0.00%,0,2,0.00%,0,8,0.00%,0,1,0.00%,0,6,0.00%,0,0,#DIV/0!,0,7,0.00%,0,4,0.00%,,,,,,,,,,,,,,,,,,,,,,,,,,,,
Bagel Bites Everything,462,4644,9.05%,,11,220,4.76%,8,160,4.76%,16,106,13.11%,33,216,13.25%,15,195,7.14%,16,33,32.65%,41,256,13.80%,18,274,6.16%,12,201,5.63%,43,352,10.89%,42,236,15.11%,17,186,8.37%,41,125,24.70%,4,153,2.55%,2,114,1.72%,13,559,2.27%,13,248,4.98%,35,272,11.40%,19,116,14.07%,16,203,7.31%,8,76,9.52%,25,133,15.82%,14,210,6.25%,,,,,,,,,,,,,,,,,,,,,,,,,,,,
Bagel Bites Plain,285,6062,4.49%,,13,411,3.07%,0,357,0.00%,18,165,9.84%,12,321,3.60%,11,173,5.98%,15,43,25.86%,37,332,10.03%,25,296,7.79%,1,281,0.35%,14,490,2.78%,6,307,1.92%,8,317,2.46%,8,188,4.08%,2,163,1.21%,5,98,4.85%,3,601,0.50%,16,285,5.32%,13,320,3.90%,18,98,15.52%,14,234,5.65%,1,88,1.12%,37,241,13.31%,8,253,3.07%,,,,,,,,,,,,,,,,,,,,,,,,,,,,
Baja Croissant Sandwich,526,7121,6.88%,,4,293,1.35%,17,288,5.57%,21,256,7.58%,3,290,1.02%,19,138,12.10%,5,57,8.06%,40,395,9.20%,19,445,4.09%,29,325,8.19%,61,532,10.29%,32,225,12.45%,41,404,9.21%,15,216,6.49%,5,116,4.13%,17,121,12.32%,24,637,3.63%,31,323,8.76%,45,407,9.96%,29,334,7.99%,15,489,2.98%,12,226,5.04%,42,244,14.69%,0,360,0.00%,,,,,,,,,,,,,,,,,,,,,,,,,,,,
Banana Bread,438,9283,4.51%,,36,439,7.58%,43,378,10.21%,13,253,4.89%,9,248,3.50%,8,252,3.08%,16,64,20.00%,28,547,4.87%,45,574,7.27%,23,322,6.67%,22,700,3.05%,19,427,4.26%,35,366,8.73%,7,288,2.37%,5,253,1.94%,0,257,0.00%,22,1151,1.88%,7,454,1.52%,15,665,2.21%,15,275,5.17%,23,445,4.91%,1,230,0.43%,30,294,9.26%,16,401,3.84%,,,,,,,,,,,,,,,,,,,,,,,,,,,,
Breakfast Burrito,571,13160,4.16%,,5,656,0.76%,41,502,7.55%,16,502,3.09%,1,530,0.19%,6,318,1.85%,20,146,12.05%,54,761,6.63%,18,699,2.51%,6,562,1.06%,33,1052,3.04%,21,627,3.24%,0,649,0.00%,22,424,4.93%,39,307,11.27%,12,230,4.96%,110,1471,6.96%,38,602,5.94%,103,833,11.00%,20,363,5.22%,3,659,0.45%,0,186,0.00%,1,574,0.17%,2,507,0.39%,,,,,,,,,,,,,,,,,,,,,,,,,,,,
Breakfast Crossiant sandwich,969,15962,5.72%,,5,694,0.72%,21,571,3.55%,29,451,6.04%,25,603,3.98%,39,409,8.71%,13,188,6.47%,84,766,9.88%,40,1075,3.59%,31,533,5.50%,42,1182,3.43%,89,643,12.16%,1,774,0.13%,38,448,7.82%,39,397,8.94%,17,350,4.63%,130,1693,7.13%,69,721,8.73%,74,1171,5.94%,29,698,3.99%,37,1069,3.35%,26,445,5.52%,67,526,11.30%,24,555,4.15%,,,,,,,,,,,,,,,,,,,,,,,,,,,,
Chocolate Chip Cookie (Salted),423,4809,8.08%,,34,195,14.85%,14,239,5.53%,10,103,8.85%,5,159,3.05%,17,224,7.05%,21,86,19.63%,26,228,10.24%,58,299,16.25%,7,152,4.40%,34,309,9.91%,2,221,0.90%,6,192,3.03%,35,171,16.99%,5,177,2.75%,2,131,1.50%,43,446,8.79%,8,230,3.36%,9,273,3.19%,20,153,11.56%,10,331,2.93%,8,122,6.15%,47,167,21.96%,2,201,0.99%,,,,,,,,,,,,,,,,,,,,,,,,,,,,
Coffee Cake (classic/apple),393,3582,9.89%,,24,122,16.44%,15,109,12.10%,9,57,13.64%,28,116,19.44%,12,160,6.98%,9,62,12.68%,11,144,7.10%,37,255,12.67%,16,102,13.56%,8,191,4.02%,7,158,4.24%,17,148,10.30%,27,120,18.37%,16,154,9.41%,1,127,0.78%,32,371,7.94%,2,236,0.84%,24,243,8.99%,11,91,10.78%,20,210,8.70%,7,112,5.88%,35,110,24.14%,25,184,11.96%,,,,,,,,,,,,,,,,,,,,,,,,,,,,
Egg Bites,481,5542,7.99%,,10,258,3.73%,14,227,5.81%,8,194,3.96%,3,188,1.57%,10,144,6.49%,7,36,16.28%,23,316,6.78%,45,310,12.68%,21,208,9.17%,15,419,3.46%,47,287,14.07%,27,317,7.85%,52,184,22.03%,31,97,24.22%,9,103,8.04%,43,600,6.69%,35,280,11.11%,30,394,7.08%,22,152,12.64%,8,311,2.51%,4,84,4.55%,9,233,3.72%,8,200,3.85%,,,,,,,,,,,,,,,,,,,,,,,,,,,,
Grilled Cheese Sandwich,280,3552,7.31%,,8,135,5.59%,7,106,6.19%,6,41,12.77%,4,146,2.67%,9,188,4.57%,2,68,2.86%,16,184,8.00%,13,270,4.59%,20,109,15.50%,9,198,4.35%,8,107,6.96%,10,150,6.25%,3,85,3.41%,38,195,16.31%,9,140,6.04%,28,589,4.54%,28,128,17.95%,22,181,10.84%,8,98,7.55%,13,176,6.88%,2,63,3.08%,10,95,9.52%,7,100,6.54%,,,,,,,,,,,,,,,,,,,,,,,,,,,,
Lemon Loaf (seasonal),4,227,1.73%,,0,7,0.00%,0,12,0.00%,0,6,0.00%,0,8,0.00%,0,5,0.00%,0,4,0.00%,0,5,0.00%,0,19,0.00%,0,11,0.00%,0,11,0.00%,0,5,0.00%,0,8,0.00%,0,8,0.00%,0,1,0.00%,0,2,0.00%,0,41,0.00%,0,7,0.00%,0,14,0.00%,0,9,0.00%,0,15,0.00%,3,3,50.00%,1,10,9.09%,0,16,0.00%,,,,,,,,,,,,,,,,,,,,,,,,,,,,
Monster Cookie,359,7162,4.77%,,7,570,1.21%,13,508,2.50%,14,222,5.93%,14,250,5.30%,15,292,4.89%,4,113,3.42%,25,420,5.62%,32,529,5.70%,28,337,7.67%,17,579,2.85%,4,392,1.01%,29,351,7.63%,17,252,6.32%,8,196,3.92%,9,108,7.69%,43,421,9.27%,5,256,1.92%,3,290,1.02%,18,144,11.11%,10,347,2.80%,11,101,9.82%,32,315,9.22%,1,169,0.59%,,,,,,,,,,,,,,,,,,,,,,,,,,,,
Santa Fe Veggie Burrito ,516,4571,10.14%,,21,130,13.91%,0,144,0.00%,14,156,8.24%,22,224,8.94%,9,175,4.89%,37,66,35.92%,27,217,11.07%,28,279,9.12%,11,157,6.55%,2,31,6.06%,21,260,7.47%,13,239,5.16%,33,132,20.00%,43,174,19.82%,8,122,6.15%,65,608,9.66%,14,278,4.79%,57,324,14.96%,22,129,14.57%,43,283,13.19%,11,127,7.97%,12,117,9.30%,3,199,1.49%,,,,,,,,,,,,,,,,,,,,,,,,,,,,
Sausage & Cheddar Breakfast Sandwich (GF),671,14015,4.57%,,11,686,1.58%,27,618,4.19%,37,512,6.74%,10,658,1.50%,27,315,7.89%,7,159,4.22%,32,867,3.56%,37,810,4.37%,50,573,8.03%,17,258,6.18%,16,745,2.10%,1,783,0.13%,13,543,2.34%,43,231,15.69%,19,185,9.31%,105,1680,5.88%,28,822,3.29%,53,1078,4.69%,16,412,3.74%,70,794,8.10%,6,268,2.19%,27,467,5.47%,19,551,3.33%,,,,,,,,,,,,,,,,,,,,,,,,,,,,
Twist (jalapeno/pizza),415,4148,9.09%,,12,137,8.05%,9,166,5.14%,11,91,10.78%,26,136,16.05%,28,160,14.89%,9,51,15.00%,11,194,5.37%,18,244,6.87%,35,144,19.55%,14,402,3.37%,36,216,14.29%,24,229,9.49%,21,179,10.50%,10,115,8.00%,3,122,2.40%,20,387,4.91%,19,176,9.74%,14,222,5.93%,16,137,10.46%,14,207,6.33%,30,112,21.13%,23,148,13.45%,12,173,6.49%,,,,,,,,,,,,,,,,,,,,,,,,,,,,
Yogurt Parfait with Granola,58,3258,1.75%,,0,63,0.00%,1,71,1.39%,0,61,0.00%,0,93,0.00%,0,57,0.00%,0,56,0.00%,0,155,0.00%,0,129,0.00%,0,76,0.00%,49,1129,4.16%,0,110,0.00%,0,120,0.00%,0,67,0.00%,1,106,0.93%,0,88,0.00%,0,280,0.00%,0,94,0.00%,0,140,0.00%,6,41,12.77%,0,125,0.00%,1,66,1.49%,0,80,0.00%,0,51,0.00%,,,,,,,,,,,,,,,,,,,,,,,,,,,,
Smoothie pack,205,2279,8.25%,,28,78,26.42%,4,105,3.67%,6,37,13.95%,4,86,4.44%,0,67,0.00%,10,37,21.28%,8,117,6.40%,28,156,15.22%,9,91,9.00%,0,183,0.00%,13,101,11.40%,5,122,3.94%,4,59,6.35%,5,59,7.81%,6,60,9.09%,35,275,11.29%,16,117,12.03%,5,147,3.29%,3,85,3.41%,6,125,4.58%,0,21,0.00%,7,70,9.09%,3,81,3.57%,,,,,,,,,,,,,,,,,,,,,,,,,,,,
Hard Boiled Egg,24,746,3.12%,,0,1,0.00%,0,23,0.00%,0,14,0.00%,0,49,0.00%,2,55,3.51%,0,54,0.00%,0,0,#DIV/0!,0,41,0.00%,4,3,57.14%,14,172,7.53%,0,38,0.00%,0,0,#DIV/0!,1,0,100.00%,0,58,0.00%,0,42,0.00%,1,85,1.16%,0,15,0.00%,0,47,0.00%,0,0,#DIV/0!,0,32,0.00%,0,0,#DIV/0!,2,0,100.00%,0,17,0.00%,,,,,,,,,,,,,,,,,,,,,,,,,,,,
Oatmeal (1 month expiration),8,255,3.04%,,0,3,0.00%,0,10,0.00%,0,9,0.00%,1,19,5.00%,0,8,0.00%,0,10,0.00%,0,4,0.00%,0,9,0.00%,0,14,0.00%,0,35,0.00%,0,8,0.00%,4,2,66.67%,0,4,0.00%,3,10,23.08%,0,11,0.00%,0,33,0.00%,0,9,0.00%,0,31,0.00%,0,5,0.00%,0,10,0.00%,0,4,0.00%,0,1,0.00%,0,6,0.00%,,,,,,,,,,,,,,,,,,,,,,,,,,,,
Retail Whole bean coffee,91,2023,4.30%,,4,109,3.67%,5,123,4.07%,0,0,#DIV/0!,3,59,5.08%,0,65,0.00%,0,25,0.00%,8,0,#DIV/0!,0,105,0.00%,8,47,17.02%,1,183,0.55%,1,70,1.43%,0,0,#DIV/0!,5,0,#DIV/0!,0,158,0.00%,0,59,0.00%,19,298,6.38%,5,168,2.98%,0,185,0.00%,10,50,20.00%,2,123,1.63%,9,44,20.45%,11,63,17.46%,0,89,0.00%,,,,,,,,,,,,,,,,,,,,,,,,,,,,
,,,,,,,,,,,,,,,,,,,,,,,,,,,,,,,,,,,,,,,,,,,,,,,,,,,,,,,,,,,,,,,,,,,,,,,,,,,,,,,,,,,,,,,,,,,,,,,,,,,,,
Total,"9,623","132,994",6.75%,,377,"6,161",5.77%,382,"5,669",6.31%,287,"3,647",7.30%,284,"5,185",5.19%,306,"4,093",6.96%,236,"1,782",11.69%,582,"7,038",7.64%,546,"8,150",6.28%,418,"4,970",7.76%,511,"9,833",4.94%,432,"6,172",6.54%,341,"6,386",5.07%,445,"4,105",9.78%,403,"3,681",9.87%,172,"3,001",5.42%,915,"14,466",5.95%,537,"6,658",7.46%,623,"8,520",6.81%,392,"3,826",9.29%,391,"7,248",5.12%,212,"2,730",7.21%,570,"4,531",11.17%,261,"5,142",4.83%,,,,,,,,,,,,,,,,,,,,,,,,,,,,
Total less Whole Bean Coffee,"9,532","130,971",6.78%,,,,,,,,,,,,,,,,,,,,,,,,,,,,,,,,,,,,,,,,,,,,,,,,,,,,,,,,,,,,,,,,,,,,,,,,,,,,,,,,,,,,,,,,,,,,,,,,,,
,Per item,,Total,,,,,,,,,,,,,,,,,,,,,,,,,,,,,,,,,,,,,,,,,,,,,,,,,,,,,,,,,,,,,,,,,,,,,,,,,,,,,,,,,,,,,,,,,,,,,,,,,,TOTAL
1 Day expiration,,,,,,,,,,,,,,,,,,,,,,,,,,,,,,,,,,,,,,,,,,,,,,,,,,,,,,,,,,,,,,,,,,,,,,,,,,,,,,,,,,,,,,,,,,,,,,,,,,,,,
Almond Croissant (Bear Claw),$1.99,,"$1,078.58",,$43.78,,,$115.42,,,$35.82,,,$57.71,,,$37.81,,,$29.85,,,$61.69,,,$33.83,,,$45.77,,,$11.94,,,$7.96,,,$29.85,,,$19.90,,,$39.80,,,$37.81,,,$85.57,,,$107.46,,,$55.72,,,$39.80,,,$25.87,,,$19.90,,,$75.62,,,$59.70,,,$0.00,,,$0.00,,,$0.00,,,$0.00,,,$0.00,,,$0.00,,,$0.00,,,$0.00,,,$0.00,,,
GF Scone (Lemon blueberry/Pumpkin),$1.82,,$778.96,,$63.70,,,$41.86,,,$23.66,,,$23.66,,,$18.20,,,$20.02,,,$36.40,,,$7.28,,,$29.12,,,$72.80,,,$16.38,,,$30.94,,,$30.94,,,$25.48,,,$20.02,,,$40.04,,,$63.70,,,$38.22,,,$54.60,,,$12.74,,,$12.74,,,$56.42,,,$40.04,,,$0.00,,,$0.00,,,$0.00,,,$0.00,,,$0.00,,,$0.00,,,$0.00,,,$0.00,,,$0.00,,,$0.00
Ham and Swiss Croissant,$2.24,,"$1,281.28",,$60.48,,,$53.76,,,$24.64,,,$29.12,,,$42.56,,,$15.68,,,$35.84,,,$69.44,,,$64.96,,,$56.00,,,$76.16,,,$80.64,,,$49.28,,,$51.52,,,$26.88,,,$80.64,,,$116.48,,,$58.24,,,$60.48,,,$71.68,,,$24.64,,,$67.20,,,$64.96,,,$0.00,,,$0.00,,,$0.00,,,$0.00,,,$0.00,,,$0.00,,,$0.00,,,$0.00,,,$0.00,,,$0.00
Traditional Croissant,$2.47,,"$1,247.35",,$69.16,,,$46.93,,,$12.35,,,$24.70,,,$49.40,,,$27.17,,,$51.87,,,$49.40,,,$49.40,,,$56.81,,,$27.17,,,$46.93,,,$56.81,,,$61.75,,,$7.41,,,$128.44,,,$118.56,,,$54.34,,,$54.34,,,$61.75,,,$71.63,,,$66.69,,,$54.34,,,$0.00,,,$0.00,,,$0.00,,,$0.00,,,$0.00,,,$0.00,,,$0.00,,,$0.00,,,$0.00,,,$0.00
White Chocolate Raspberry Scone,$2.60,,"$1,021.80",,$83.20,,,$49.40,,,$31.20,,,$41.60,,,$28.60,,,$2.60,,,$59.80,,,$33.80,,,$49.40,,,$57.20,,,$18.20,,,$41.60,,,$80.60,,,$62.40,,,$18.20,,,$67.60,,,$36.40,,,$62.40,,,$28.60,,,$26.00,,,$39.00,,,$67.60,,,$36.40,,,$0.00,,,$0.00,,,$0.00,,,$0.00,,,$0.00,,,$0.00,,,$0.00,,,$0.00,,,$0.00,,,$0.00
2 Day expiration,,,,,,,,,,,,,,,,,,,,,,,,,,,,,,,,,,,,,,,,,,,,,,,,,,,,,,,,,,,,,,,,,,,,,,,,,,,,,,,,,,,,,,,,,,,,,,,,,,,,,$0.00
Acai Bowl,$2.88,,$11.52,,$0.00,,,$0.00,,,$0.00,,,$0.00,,,$0.00,,,$0.00,,,$0.00,,,$0.00,,,$0.00,,,$0.00,,,$8.64,,,$0.00,,,$0.00,,,$0.00,,,$2.88,,,$0.00,,,$0.00,,,$0.00,,,$0.00,,,$0.00,,,$0.00,,,$0.00,,,$0.00,,,$0.00,,,$0.00,,,$0.00,,,$0.00,,,$0.00,,,$0.00,,,$0.00,,,$0.00,,,$0.00,,,
Bagel Bites Everything,$2.15,,$993.30,,$23.65,,,$17.20,,,$34.40,,,$70.95,,,$32.25,,,$34.40,,,$88.15,,,$38.70,,,$25.80,,,$92.45,,,$90.30,,,$36.55,,,$88.15,,,$8.60,,,$4.30,,,$27.95,,,$27.95,,,$75.25,,,$40.85,,,$34.40,,,$17.20,,,$53.75,,,$30.10,,,$0.00,,,$0.00,,,$0.00,,,$0.00,,,$0.00,,,$0.00,,,$0.00,,,$0.00,,,$0.00,,,$0.00
Bagel Bites Plain,$1.70,,$484.50,,$22.10,,,$0.00,,,$30.60,,,$20.40,,,$18.70,,,$25.50,,,$62.90,,,$42.50,,,$1.70,,,$23.80,,,$10.20,,,$13.60,,,$13.60,,,$3.40,,,$8.50,,,$5.10,,,$27.20,,,$22.10,,,$30.60,,,$23.80,,,$1.70,,,$62.90,,,$13.60,,,$0.00,,,$0.00,,,$0.00,,,$0.00,,,$0.00,,,$0.00,,,$0.00,,,$0.00,,,$0.00,,,$0.00
Baja Croissant Sandwich,$2.57,,"$1,351.82",,$10.28,,,$43.69,,,$53.97,,,$7.71,,,$48.83,,,$12.85,,,$102.80,,,$48.83,,,$74.53,,,$156.77,,,$82.24,,,$105.37,,,$38.55,,,$12.85,,,$43.69,,,$61.68,,,$79.67,,,$115.65,,,$74.53,,,$38.55,,,$30.84,,,$107.94,,,$0.00,,,$0.00,,,$0.00,,,$0.00,,,$0.00,,,$0.00,,,$0.00,,,$0.00,,,$0.00,,,$0.00,,,$0.00
Banana Bread,$1.10,,$481.80,,$39.60,,,$47.30,,,$14.30,,,$9.90,,,$8.80,,,$17.60,,,$30.80,,,$49.50,,,$25.30,,,$24.20,,,$20.90,,,$38.50,,,$7.70,,,$5.50,,,$0.00,,,$24.20,,,$7.70,,,$16.50,,,$16.50,,,$25.30,,,$1.10,,,$33.00,,,$17.60,,,$0.00,,,$0.00,,,$0.00,,,$0.00,,,$0.00,,,$0.00,,,$0.00,,,$0.00,,,$0.00,,,$0.00
Breakfast Burrito,$2.19,,"$1,250.49",,$10.95,,,$89.79,,,$35.04,,,$2.19,,,$13.14,,,$43.80,,,$118.26,,,$39.42,,,$13.14,,,$72.27,,,$45.99,,,$0.00,,,$48.18,,,$85.41,,,$26.28,,,$240.90,,,$83.22,,,$225.57,,,$43.80,,,$6.57,,,$0.00,,,$2.19,,,$4.38,,,$0.00,,,$0.00,,,$0.00,,,$0.00,,,$0.00,,,$0.00,,,$0.00,,,$0.00,,,$0.00,,,$0.00
Breakfast Crossiant sandwich,$2.35,,"$2,277.15",,$11.75,,,$49.35,,,$68.15,,,$58.75,,,$91.65,,,$30.55,,,$197.40,,,$94.00,,,$72.85,,,$98.70,,,$209.15,,,$2.35,,,$89.30,,,$91.65,,,$39.95,,,$305.50,,,$162.15,,,$173.90,,,$68.15,,,$86.95,,,$61.10,,,$157.45,,,$56.40,,,$0.00,,,$0.00,,,$0.00,,,$0.00,,,$0.00,,,$0.00,,,$0.00,,,$0.00,,,$0.00,,,$0.00
Chocolate Chip Cookie (Salted),$2.18,,$922.14,,$74.12,,,$30.52,,,$21.80,,,$10.90,,,$37.06,,,$45.78,,,$56.68,,,$126.44,,,$15.26,,,$74.12,,,$4.36,,,$13.08,,,$76.30,,,$10.90,,,$4.36,,,$93.74,,,$17.44,,,$19.62,,,$43.60,,,$21.80,,,$17.44,,,$102.46,,,$4.36,,,$0.00,,,$0.00,,,$0.00,,,$0.00,,,$0.00,,,$0.00,,,$0.00,,,$0.00,,,$0.00,,,$0.00
Coffee Cake (classic/apple),$1.99,,$782.07,,$47.76,,,$29.85,,,$17.91,,,$55.72,,,$23.88,,,$17.91,,,$21.89,,,$73.63,,,$31.84,,,$15.92,,,$13.93,,,$33.83,,,$53.73,,,$31.84,,,$1.99,,,$63.68,,,$3.98,,,$47.76,,,$21.89,,,$39.80,,,$13.93,,,$69.65,,,$49.75,,,$0.00,,,$0.00,,,$0.00,,,$0.00,,,$0.00,,,$0.00,,,$0.00,,,$0.00,,,$0.00,,,$0.00
Egg Bites,$2.07,,$995.67,,$20.70,,,$28.98,,,$16.56,,,$6.21,,,$20.70,,,$14.49,,,$47.61,,,$93.15,,,$43.47,,,$31.05,,,$97.29,,,$55.89,,,$107.64,,,$64.17,,,$18.63,,,$89.01,,,$72.45,,,$62.10,,,$45.54,,,$16.56,,,$8.28,,,$18.63,,,$16.56,,,$0.00,,,$0.00,,,$0.00,,,$0.00,,,$0.00,,,$0.00,,,$0.00,,,$0.00,,,$0.00,,,$0.00
Grilled Cheese Sandwich,$2.84,,$795.20,,$22.72,,,$19.88,,,$17.04,,,$11.36,,,$25.56,,,$5.68,,,$45.44,,,$36.92,,,$56.80,,,$25.56,,,$22.72,,,$28.40,,,$8.52,,,$107.92,,,$25.56,,,$79.52,,,$79.52,,,$62.48,,,$22.72,,,$36.92,,,$5.68,,,$28.40,,,$19.88,,,$0.00,,,$0.00,,,$0.00,,,$0.00,,,$0.00,,,$0.00,,,$0.00,,,$0.00,,,$0.00,,,$0.00
Lemon Loaf (seasonal),$1.97,,$7.88,,$0.00,,,$0.00,,,$0.00,,,$0.00,,,$0.00,,,$0.00,,,$0.00,,,$0.00,,,$0.00,,,$0.00,,,$0.00,,,$0.00,,,$0.00,,,$0.00,,,$0.00,,,$0.00,,,$0.00,,,$0.00,,,$0.00,,,$0.00,,,$5.91,,,$1.97,,,$0.00,,,$0.00,,,$0.00,,,$0.00,,,$0.00,,,$0.00,,,$0.00,,,$0.00,,,$0.00,,,$0.00,,,$0.00
Monster Cookie,$1.53,,$549.27,,$10.71,,,$19.89,,,$21.42,,,$21.42,,,$22.95,,,$6.12,,,$38.25,,,$48.96,,,$42.84,,,$26.01,,,$6.12,,,$44.37,,,$26.01,,,$12.24,,,$13.77,,,$65.79,,,$7.65,,,$4.59,,,$27.54,,,$15.30,,,$16.83,,,$48.96,,,$1.53,,,$0.00,,,$0.00,,,$0.00,,,$0.00,,,$0.00,,,$0.00,,,$0.00,,,$0.00,,,$0.00,,,$0.00
Santa Fe Veggie Burrito ,$2.96,,"$1,527.36",,$62.16,,,$0.00,,,$41.44,,,$65.12,,,$26.64,,,$109.52,,,$79.92,,,$82.88,,,$32.56,,,$5.92,,,$62.16,,,$38.48,,,$97.68,,,$127.28,,,$23.68,,,$192.40,,,$41.44,,,$168.72,,,$65.12,,,$127.28,,,$32.56,,,$35.52,,,$8.88,,,$0.00,,,$0.00,,,$0.00,,,$0.00,,,$0.00,,,$0.00,,,$0.00,,,$0.00,,,$0.00,,,$0.00
Sausage & Cheddar Breakfast Sandwich (GF),$1.66,,"$1,113.86",,$18.26,,,$44.82,,,$61.42,,,$16.60,,,$44.82,,,$11.62,,,$53.12,,,$61.42,,,$83.00,,,$28.22,,,$26.56,,,$1.66,,,$21.58,,,$71.38,,,$31.54,,,$174.30,,,$46.48,,,$87.98,,,$26.56,,,$116.20,,,$9.96,,,$44.82,,,$31.54,,,$0.00,,,$0.00,,,$0.00,,,$0.00,,,$0.00,,,$0.00,,,$0.00,,,$0.00,,,$0.00,,,$0.00
Twist (jalapeno/pizza),$1.59,,$659.85,,$19.08,,,$14.31,,,$17.49,,,$41.34,,,$44.52,,,$14.31,,,$17.49,,,$28.62,,,$55.65,,,$22.26,,,$57.24,,,$38.16,,,$33.39,,,$15.90,,,$4.77,,,$31.80,,,$30.21,,,$22.26,,,$25.44,,,$22.26,,,$47.70,,,$36.57,,,$19.08,,,$0.00,,,$0.00,,,$0.00,,,$0.00,,,$0.00,,,$0.00,,,$0.00,,,$0.00,,,$0.00,,,$0.00
Yogurt Parfait with Granola,$4.36,,$252.88,,$0.00,,,$4.36,,,$0.00,,,$0.00,,,$0.00,,,$0.00,,,$0.00,,,$0.00,,,$0.00,,,$213.64,,,$0.00,,,$0.00,,,$0.00,,,$4.36,,,$0.00,,,$0.00,,,$0.00,,,$0.00,,,$26.16,,,$0.00,,,$4.36,,,$0.00,,,$0.00,,,$0.00,,,$0.00,,,$0.00,,,$0.00,,,$0.00,,,$0.00,,,$0.00,,,$0.00,,,$0.00,,,$0.00
Smoothie pack,$3.55,,$727.75,,$99.40,,,$14.20,,,$21.30,,,$14.20,,,$0.00,,,$35.50,,,$28.40,,,$99.40,,,$31.95,,,$0.00,,,$46.15,,,$17.75,,,$14.20,,,$17.75,,,$21.30,,,$124.25,,,$56.80,,,$17.75,,,$10.65,,,$21.30,,,$0.00,,,$24.85,,,$10.65,,,$0.00,,,$0.00,,,$0.00,,,$0.00,,,$0.00,,,$0.00,,,$0.00,,,$0.00,,,$0.00,,,$0.00
Hard Boiled Egg,$0.52,,$4.16,,$0.00,,,$0.00,,,$0.00,,,$0.52,,,$0.00,,,$0.00,,,$0.00,,,$0.00,,,$0.00,,,$0.00,,,$0.00,,,$2.08,,,$0.00,,,$1.56,,,$0.00,,,$0.00,,,$0.00,,,$0.00,,,$0.00,,,$0.00,,,$0.00,,,$0.00,,,$0.00,,,$0.00,,,$0.00,,,$0.00,,,$0.00,,,$0.00,,,$0.00,,,$0.00,,,$0.00,,,$0.00,,,$0.00
Oatmeal (1 month expiration),$0.62,,$50.84,,$0.00,,,$0.00,,,$0.00,,,$1.86,,,$0.00,,,$0.00,,,$4.96,,,$0.00,,,$4.96,,,$0.62,,,$0.62,,,$0.00,,,$3.10,,,$0.00,,,$0.00,,,$11.78,,,$3.10,,,$0.00,,,$6.20,,,$1.24,,,$5.58,,,$6.82,,,$0.00,,,$0.00,,,$0.00,,,$0.00,,,$0.00,,,$0.00,,,$0.00,,,$0.00,,,$0.00,,,$0.00,,,$0.00
Retail Whole bean coffee,$7.38,,$66.42,,$29.52,,,$36.90,,,$0.00,,,$0.00,,,$0.00,,,$0.00,,,$0.00,,,$0.00,,,$0.00,,,$0.00,,,$0.00,,,$0.00,,,$0.00,,,$0.00,,,$0.00,,,$0.00,,,$0.00,,,$0.00,,,$0.00,,,$0.00,,,$0.00,,,$0.00,,,$0.00,,,,,,,,,,,,,,,,,,,,,,,,,,,,,,$0.00